{"products":[{"id":"0.26597880029566046","quantity":1}],"totalPrice":455.9999999999991}